<?xml version="1.0" encoding="UTF-8"?>
<configurationDescriptor version="65">
  <logicalFolder name="root" displayName="root" projectFiles="true">
    <logicalFolder name="HeaderFiles"
                   displayName="Header Files"
                   projectFiles="true">
      <logicalFolder name="config" displayName="config" projectFiles="true">
        <logicalFolder name="default" displayName="default" projectFiles="true">
          <logicalFolder name="driver" displayName="driver" projectFiles="true">
            <logicalFolder name="spi" displayName="spi" projectFiles="true">
              <itemPath>../src/config/default/driver/spi/drv_spi.h</itemPath>
              <itemPath>../src/config/default/driver/spi/drv_spi_definitions.h</itemPath>
              <itemPath>../src/config/default/driver/spi/src/drv_spi_local.h</itemPath>
            </logicalFolder>
            <logicalFolder name="usart" displayName="usart" projectFiles="true">
              <itemPath>../src/config/default/driver/usart/drv_usart_definitions.h</itemPath>
              <itemPath>../src/config/default/driver/usart/src/drv_usart_local.h</itemPath>
              <itemPath>../src/config/default/driver/usart/drv_usart.h</itemPath>
            </logicalFolder>
            <itemPath>../src/config/default/driver/driver.h</itemPath>
            <itemPath>../src/config/default/driver/driver_common.h</itemPath>
          </logicalFolder>
          <logicalFolder name="osal" displayName="osal" projectFiles="true">
            <itemPath>../src/config/default/osal/osal.h</itemPath>
            <itemPath>../src/config/default/osal/osal_definitions.h</itemPath>
            <itemPath>../src/config/default/osal/osal_impl_basic.h</itemPath>
          </logicalFolder>
          <logicalFolder name="peripheral" displayName="peripheral" projectFiles="true">
            <logicalFolder name="adc" displayName="adc" projectFiles="true">
              <itemPath>../src/config/default/peripheral/adc/plib_adc_common.h</itemPath>
              <itemPath>../src/config/default/peripheral/adc/plib_adc0.h</itemPath>
            </logicalFolder>
            <logicalFolder name="can" displayName="can" projectFiles="true">
              <itemPath>../src/config/default/peripheral/can/plib_can_common.h</itemPath>
              <itemPath>../src/config/default/peripheral/can/plib_can0.h</itemPath>
            </logicalFolder>
            <logicalFolder name="clock" displayName="clock" projectFiles="true">
              <itemPath>../src/config/default/peripheral/clock/plib_clock.h</itemPath>
            </logicalFolder>
            <logicalFolder name="cmcc" displayName="cmcc" projectFiles="true">
              <itemPath>../src/config/default/peripheral/cmcc/plib_cmcc.h</itemPath>
            </logicalFolder>
            <logicalFolder name="dmac" displayName="dmac" projectFiles="true">
              <itemPath>../src/config/default/peripheral/dmac/plib_dmac.h</itemPath>
            </logicalFolder>
            <logicalFolder name="eic" displayName="eic" projectFiles="true">
              <itemPath>../src/config/default/peripheral/eic/plib_eic.h</itemPath>
            </logicalFolder>
            <logicalFolder name="evsys" displayName="evsys" projectFiles="true">
              <itemPath>../src/config/default/peripheral/evsys/plib_evsys.h</itemPath>
            </logicalFolder>
            <logicalFolder name="nvic" displayName="nvic" projectFiles="true">
              <itemPath>../src/config/default/peripheral/nvic/plib_nvic.h</itemPath>
            </logicalFolder>
            <logicalFolder name="nvmctrl" displayName="nvmctrl" projectFiles="true">
              <itemPath>../src/config/default/peripheral/nvmctrl/plib_nvmctrl.h</itemPath>
            </logicalFolder>
            <logicalFolder name="port" displayName="port" projectFiles="true">
              <itemPath>../src/config/default/peripheral/port/plib_port.h</itemPath>
            </logicalFolder>
            <logicalFolder name="sercom" displayName="sercom" projectFiles="true">
              <logicalFolder name="i2c_master" displayName="i2c_master" projectFiles="true">
                <itemPath>../src/config/default/peripheral/sercom/i2c_master/plib_sercom2_i2c_master.h</itemPath>
                <itemPath>../src/config/default/peripheral/sercom/i2c_master/plib_sercom_i2c_master_common.h</itemPath>
                <itemPath>../src/config/default/peripheral/sercom/i2c_master/plib_sercom0_i2c_master.h</itemPath>
              </logicalFolder>
              <logicalFolder name="spi_master" displayName="spi_master" projectFiles="true">
                <itemPath>../src/config/default/peripheral/sercom/spi_master/plib_sercom_spi_master_common.h</itemPath>
                <itemPath>../src/config/default/peripheral/sercom/spi_master/plib_sercom1_spi_master.h</itemPath>
              </logicalFolder>
              <logicalFolder name="usart" displayName="usart" projectFiles="true">
                <itemPath>../src/config/default/peripheral/sercom/usart/plib_sercom4_usart.h</itemPath>
                <itemPath>../src/config/default/peripheral/sercom/usart/plib_sercom_usart_common.h</itemPath>
              </logicalFolder>
            </logicalFolder>
            <logicalFolder name="systick" displayName="systick" projectFiles="true">
              <itemPath>../src/config/default/peripheral/systick/plib_systick.h</itemPath>
            </logicalFolder>
            <logicalFolder name="tc" displayName="tc" projectFiles="true">
              <itemPath>../src/config/default/peripheral/tc/plib_tc0.h</itemPath>
              <itemPath>../src/config/default/peripheral/tc/plib_tc_common.h</itemPath>
              <itemPath>../src/config/default/peripheral/tc/plib_tc3.h</itemPath>
              <itemPath>../src/config/default/peripheral/tc/plib_tc6.h</itemPath>
              <itemPath>../src/config/default/peripheral/tc/plib_tc7.h</itemPath>
            </logicalFolder>
          </logicalFolder>
          <logicalFolder name="system" displayName="system" projectFiles="true">
            <logicalFolder name="cache" displayName="cache" projectFiles="true">
              <itemPath>../src/config/default/system/cache/sys_cache.h</itemPath>
            </logicalFolder>
            <logicalFolder name="debug" displayName="debug" projectFiles="true">
              <itemPath>../src/config/default/system/debug/sys_debug.h</itemPath>
            </logicalFolder>
            <logicalFolder name="dma" displayName="dma" projectFiles="true">
              <itemPath>../src/config/default/system/dma/sys_dma_mapping.h</itemPath>
              <itemPath>../src/config/default/system/dma/sys_dma.h</itemPath>
            </logicalFolder>
            <logicalFolder name="int" displayName="int" projectFiles="true">
              <itemPath>../src/config/default/system/int/sys_int_mapping.h</itemPath>
              <itemPath>../src/config/default/system/int/sys_int.h</itemPath>
            </logicalFolder>
            <logicalFolder name="ports" displayName="ports" projectFiles="true">
              <itemPath>../src/config/default/system/ports/sys_ports.h</itemPath>
              <itemPath>../src/config/default/system/ports/sys_ports_mapping.h</itemPath>
            </logicalFolder>
            <itemPath>../src/config/default/system/system_module.h</itemPath>
            <itemPath>../src/config/default/system/system.h</itemPath>
            <itemPath>../src/config/default/system/system_common.h</itemPath>
          </logicalFolder>
          <itemPath>../src/config/default/device_vectors.h</itemPath>
          <itemPath>../src/config/default/configuration.h</itemPath>
          <itemPath>../src/config/default/sys_tasks.h</itemPath>
          <itemPath>../src/config/default/interrupts.h</itemPath>
          <itemPath>../src/config/default/definitions.h</itemPath>
          <itemPath>../src/config/default/user.h</itemPath>
          <itemPath>../src/config/default/device_cache.h</itemPath>
          <itemPath>../src/config/default/device.h</itemPath>
          <itemPath>../src/config/default/toolchain_specifics.h</itemPath>
        </logicalFolder>
      </logicalFolder>
      <logicalFolder name="packs" displayName="packs" projectFiles="true">
        <logicalFolder name="ATSAME54P20A_DFP"
                       displayName="ATSAME54P20A_DFP"
                       projectFiles="true">
          <logicalFolder name="component" displayName="component" projectFiles="true">
            <itemPath>../src/packs/ATSAME54P20A_DFP/component/can.h</itemPath>
            <itemPath>../src/packs/ATSAME54P20A_DFP/component/tc.h</itemPath>
            <itemPath>../src/packs/ATSAME54P20A_DFP/component/ramecc.h</itemPath>
            <itemPath>../src/packs/ATSAME54P20A_DFP/component/ac.h</itemPath>
            <itemPath>../src/packs/ATSAME54P20A_DFP/component/supc.h</itemPath>
            <itemPath>../src/packs/ATSAME54P20A_DFP/component/gmac.h</itemPath>
            <itemPath>../src/packs/ATSAME54P20A_DFP/component/i2s.h</itemPath>
            <itemPath>../src/packs/ATSAME54P20A_DFP/component/mclk.h</itemPath>
            <itemPath>../src/packs/ATSAME54P20A_DFP/component/dac.h</itemPath>
            <itemPath>../src/packs/ATSAME54P20A_DFP/component/pm.h</itemPath>
            <itemPath>../src/packs/ATSAME54P20A_DFP/component/cmcc.h</itemPath>
            <itemPath>../src/packs/ATSAME54P20A_DFP/component/trng.h</itemPath>
            <itemPath>../src/packs/ATSAME54P20A_DFP/component/adc.h</itemPath>
            <itemPath>../src/packs/ATSAME54P20A_DFP/component/ccl.h</itemPath>
            <itemPath>../src/packs/ATSAME54P20A_DFP/component/hmatrixb.h</itemPath>
            <itemPath>../src/packs/ATSAME54P20A_DFP/component/qspi.h</itemPath>
            <itemPath>../src/packs/ATSAME54P20A_DFP/component/freqm.h</itemPath>
            <itemPath>../src/packs/ATSAME54P20A_DFP/component/pukcc.h</itemPath>
            <itemPath>../src/packs/ATSAME54P20A_DFP/component/tcc.h</itemPath>
            <itemPath>../src/packs/ATSAME54P20A_DFP/component/pac.h</itemPath>
            <itemPath>../src/packs/ATSAME54P20A_DFP/component/sdhc.h</itemPath>
            <itemPath>../src/packs/ATSAME54P20A_DFP/component/fuses.h</itemPath>
            <itemPath>../src/packs/ATSAME54P20A_DFP/component/eic.h</itemPath>
            <itemPath>../src/packs/ATSAME54P20A_DFP/component/gclk.h</itemPath>
            <itemPath>../src/packs/ATSAME54P20A_DFP/component/wdt.h</itemPath>
            <itemPath>../src/packs/ATSAME54P20A_DFP/component/oscctrl.h</itemPath>
            <itemPath>../src/packs/ATSAME54P20A_DFP/component/aes.h</itemPath>
            <itemPath>../src/packs/ATSAME54P20A_DFP/component/rtc.h</itemPath>
            <itemPath>../src/packs/ATSAME54P20A_DFP/component/pdec.h</itemPath>
            <itemPath>../src/packs/ATSAME54P20A_DFP/component/pcc.h</itemPath>
            <itemPath>../src/packs/ATSAME54P20A_DFP/component/usb.h</itemPath>
            <itemPath>../src/packs/ATSAME54P20A_DFP/component/rstc.h</itemPath>
            <itemPath>../src/packs/ATSAME54P20A_DFP/component/port.h</itemPath>
            <itemPath>../src/packs/ATSAME54P20A_DFP/component/nvmctrl.h</itemPath>
            <itemPath>../src/packs/ATSAME54P20A_DFP/component/dmac.h</itemPath>
            <itemPath>../src/packs/ATSAME54P20A_DFP/component/icm.h</itemPath>
            <itemPath>../src/packs/ATSAME54P20A_DFP/component/evsys.h</itemPath>
            <itemPath>../src/packs/ATSAME54P20A_DFP/component/dsu.h</itemPath>
            <itemPath>../src/packs/ATSAME54P20A_DFP/component/sercom.h</itemPath>
            <itemPath>../src/packs/ATSAME54P20A_DFP/component/osc32kctrl.h</itemPath>
          </logicalFolder>
          <logicalFolder name="instance" displayName="instance" projectFiles="true">
            <itemPath>../src/packs/ATSAME54P20A_DFP/instance/port.h</itemPath>
            <itemPath>../src/packs/ATSAME54P20A_DFP/instance/sercom4.h</itemPath>
            <itemPath>../src/packs/ATSAME54P20A_DFP/instance/pcc.h</itemPath>
            <itemPath>../src/packs/ATSAME54P20A_DFP/instance/sercom0.h</itemPath>
            <itemPath>../src/packs/ATSAME54P20A_DFP/instance/dsu.h</itemPath>
            <itemPath>../src/packs/ATSAME54P20A_DFP/instance/oscctrl.h</itemPath>
            <itemPath>../src/packs/ATSAME54P20A_DFP/instance/can0.h</itemPath>
            <itemPath>../src/packs/ATSAME54P20A_DFP/instance/tc5.h</itemPath>
            <itemPath>../src/packs/ATSAME54P20A_DFP/instance/ccl.h</itemPath>
            <itemPath>../src/packs/ATSAME54P20A_DFP/instance/ramecc.h</itemPath>
            <itemPath>../src/packs/ATSAME54P20A_DFP/instance/tc1.h</itemPath>
            <itemPath>../src/packs/ATSAME54P20A_DFP/instance/mclk.h</itemPath>
            <itemPath>../src/packs/ATSAME54P20A_DFP/instance/supc.h</itemPath>
            <itemPath>../src/packs/ATSAME54P20A_DFP/instance/sdhc0.h</itemPath>
            <itemPath>../src/packs/ATSAME54P20A_DFP/instance/rtc.h</itemPath>
            <itemPath>../src/packs/ATSAME54P20A_DFP/instance/cmcc.h</itemPath>
            <itemPath>../src/packs/ATSAME54P20A_DFP/instance/i2s.h</itemPath>
            <itemPath>../src/packs/ATSAME54P20A_DFP/instance/dmac.h</itemPath>
            <itemPath>../src/packs/ATSAME54P20A_DFP/instance/aes.h</itemPath>
            <itemPath>../src/packs/ATSAME54P20A_DFP/instance/gmac.h</itemPath>
            <itemPath>../src/packs/ATSAME54P20A_DFP/instance/tcc2.h</itemPath>
            <itemPath>../src/packs/ATSAME54P20A_DFP/instance/osc32kctrl.h</itemPath>
            <itemPath>../src/packs/ATSAME54P20A_DFP/instance/sercom5.h</itemPath>
            <itemPath>../src/packs/ATSAME54P20A_DFP/instance/eic.h</itemPath>
            <itemPath>../src/packs/ATSAME54P20A_DFP/instance/fuses.h</itemPath>
            <itemPath>../src/packs/ATSAME54P20A_DFP/instance/ac.h</itemPath>
            <itemPath>../src/packs/ATSAME54P20A_DFP/instance/pac.h</itemPath>
            <itemPath>../src/packs/ATSAME54P20A_DFP/instance/sercom1.h</itemPath>
            <itemPath>../src/packs/ATSAME54P20A_DFP/instance/trng.h</itemPath>
            <itemPath>../src/packs/ATSAME54P20A_DFP/instance/wdt.h</itemPath>
            <itemPath>../src/packs/ATSAME54P20A_DFP/instance/tc6.h</itemPath>
            <itemPath>../src/packs/ATSAME54P20A_DFP/instance/pm.h</itemPath>
            <itemPath>../src/packs/ATSAME54P20A_DFP/instance/tc2.h</itemPath>
            <itemPath>../src/packs/ATSAME54P20A_DFP/instance/freqm.h</itemPath>
            <itemPath>../src/packs/ATSAME54P20A_DFP/instance/qspi.h</itemPath>
            <itemPath>../src/packs/ATSAME54P20A_DFP/instance/tcc1.h</itemPath>
            <itemPath>../src/packs/ATSAME54P20A_DFP/instance/sercom2.h</itemPath>
            <itemPath>../src/packs/ATSAME54P20A_DFP/instance/hmatrix.h</itemPath>
            <itemPath>../src/packs/ATSAME54P20A_DFP/instance/sercom6.h</itemPath>
            <itemPath>../src/packs/ATSAME54P20A_DFP/instance/rstc.h</itemPath>
            <itemPath>../src/packs/ATSAME54P20A_DFP/instance/adc0.h</itemPath>
            <itemPath>../src/packs/ATSAME54P20A_DFP/instance/pdec.h</itemPath>
            <itemPath>../src/packs/ATSAME54P20A_DFP/instance/tc7.h</itemPath>
            <itemPath>../src/packs/ATSAME54P20A_DFP/instance/tc3.h</itemPath>
            <itemPath>../src/packs/ATSAME54P20A_DFP/instance/usb.h</itemPath>
            <itemPath>../src/packs/ATSAME54P20A_DFP/instance/gclk.h</itemPath>
            <itemPath>../src/packs/ATSAME54P20A_DFP/instance/tcc0.h</itemPath>
            <itemPath>../src/packs/ATSAME54P20A_DFP/instance/tcc4.h</itemPath>
            <itemPath>../src/packs/ATSAME54P20A_DFP/instance/sercom3.h</itemPath>
            <itemPath>../src/packs/ATSAME54P20A_DFP/instance/sercom7.h</itemPath>
            <itemPath>../src/packs/ATSAME54P20A_DFP/instance/adc1.h</itemPath>
            <itemPath>../src/packs/ATSAME54P20A_DFP/instance/nvmctrl.h</itemPath>
            <itemPath>../src/packs/ATSAME54P20A_DFP/instance/dac.h</itemPath>
            <itemPath>../src/packs/ATSAME54P20A_DFP/instance/can1.h</itemPath>
            <itemPath>../src/packs/ATSAME54P20A_DFP/instance/tc4.h</itemPath>
            <itemPath>../src/packs/ATSAME54P20A_DFP/instance/tc0.h</itemPath>
            <itemPath>../src/packs/ATSAME54P20A_DFP/instance/sdhc1.h</itemPath>
            <itemPath>../src/packs/ATSAME54P20A_DFP/instance/icm.h</itemPath>
            <itemPath>../src/packs/ATSAME54P20A_DFP/instance/evsys.h</itemPath>
            <itemPath>../src/packs/ATSAME54P20A_DFP/instance/tcc3.h</itemPath>
          </logicalFolder>
          <logicalFolder name="pio" displayName="pio" projectFiles="true">
            <itemPath>../src/packs/ATSAME54P20A_DFP/pio/same54p20a.h</itemPath>
          </logicalFolder>
          <itemPath>../src/packs/ATSAME54P20A_DFP/same54p20a.h</itemPath>
        </logicalFolder>
        <logicalFolder name="CMSIS" displayName="CMSIS" projectFiles="true">
          <logicalFolder name="CMSIS" displayName="CMSIS" projectFiles="true">
            <logicalFolder name="Core" displayName="Core" projectFiles="true">
              <logicalFolder name="Include" displayName="Include" projectFiles="true">
                <itemPath>../src/packs/CMSIS/CMSIS/Core/Include/cmsis_armcc.h</itemPath>
                <itemPath>../src/packs/CMSIS/CMSIS/Core/Include/cmsis_gcc.h</itemPath>
                <itemPath>../src/packs/CMSIS/CMSIS/Core/Include/cachel1_armv7.h</itemPath>
                <itemPath>../src/packs/CMSIS/CMSIS/Core/Include/core_cm4.h</itemPath>
                <itemPath>../src/packs/CMSIS/CMSIS/Core/Include/cmsis_iccarm.h</itemPath>
                <itemPath>../src/packs/CMSIS/CMSIS/Core/Include/cmsis_version.h</itemPath>
                <itemPath>../src/packs/CMSIS/CMSIS/Core/Include/cmsis_compiler.h</itemPath>
                <itemPath>../src/packs/CMSIS/CMSIS/Core/Include/cmsis_armclang_ltm.h</itemPath>
                <itemPath>../src/packs/CMSIS/CMSIS/Core/Include/mpu_armv7.h</itemPath>
                <itemPath>../src/packs/CMSIS/CMSIS/Core/Include/cmsis_armclang.h</itemPath>
              </logicalFolder>
            </logicalFolder>
          </logicalFolder>
        </logicalFolder>
      </logicalFolder>
      <itemPath>../src/app.h</itemPath>
      <itemPath>../src/OLED128x64.h</itemPath>
      <itemPath>../src/OLED_Font.h</itemPath>
      <itemPath>../src/spi_async_driver.h</itemPath>
      <itemPath>../src/spidrv-queue.h</itemPath>
      <itemPath>../src/tc6-lwip.h</itemPath>
      <itemPath>../src/tc6-stub.h</itemPath>
      <itemPath>../src/udp_handler.h</itemPath>
    </logicalFolder>
    <logicalFolder name="ExternalFiles"
                   displayName="Important Files"
                   projectFiles="true">
      <itemPath>Makefile</itemPath>
      <itemPath>MASTERs_ATSAME54_.mc3</itemPath>
    </logicalFolder>
    <logicalFolder name="LinkerScript"
                   displayName="Linker Files"
                   projectFiles="true">
      <logicalFolder name="config" displayName="config" projectFiles="true">
        <logicalFolder name="default" displayName="default" projectFiles="true">
          <itemPath>../src/config/default/ATSAME54P20A.ld</itemPath>
        </logicalFolder>
      </logicalFolder>
    </logicalFolder>
    <logicalFolder name="SourceFiles"
                   displayName="Source Files"
                   projectFiles="true">
      <logicalFolder name="config" displayName="config" projectFiles="true">
        <logicalFolder name="default" displayName="default" projectFiles="true">
          <logicalFolder name="driver" displayName="driver" projectFiles="true">
            <logicalFolder name="spi" displayName="spi" projectFiles="true">
              <itemPath>../src/config/default/driver/spi/src/drv_spi.c</itemPath>
            </logicalFolder>
            <logicalFolder name="usart" displayName="usart" projectFiles="true">
              <itemPath>../src/config/default/driver/usart/src/drv_usart.c</itemPath>
            </logicalFolder>
          </logicalFolder>
          <logicalFolder name="peripheral" displayName="peripheral" projectFiles="true">
            <logicalFolder name="adc" displayName="adc" projectFiles="true">
              <itemPath>../src/config/default/peripheral/adc/plib_adc0.c</itemPath>
            </logicalFolder>
            <logicalFolder name="can" displayName="can" projectFiles="true">
              <itemPath>../src/config/default/peripheral/can/plib_can0.c</itemPath>
            </logicalFolder>
            <logicalFolder name="clock" displayName="clock" projectFiles="true">
              <itemPath>../src/config/default/peripheral/clock/plib_clock.c</itemPath>
            </logicalFolder>
            <logicalFolder name="cmcc" displayName="cmcc" projectFiles="true">
              <itemPath>../src/config/default/peripheral/cmcc/plib_cmcc.c</itemPath>
            </logicalFolder>
            <logicalFolder name="dmac" displayName="dmac" projectFiles="true">
              <itemPath>../src/config/default/peripheral/dmac/plib_dmac.c</itemPath>
            </logicalFolder>
            <logicalFolder name="eic" displayName="eic" projectFiles="true">
              <itemPath>../src/config/default/peripheral/eic/plib_eic.c</itemPath>
            </logicalFolder>
            <logicalFolder name="evsys" displayName="evsys" projectFiles="true">
              <itemPath>../src/config/default/peripheral/evsys/plib_evsys.c</itemPath>
            </logicalFolder>
            <logicalFolder name="nvic" displayName="nvic" projectFiles="true">
              <itemPath>../src/config/default/peripheral/nvic/plib_nvic.c</itemPath>
            </logicalFolder>
            <logicalFolder name="nvmctrl" displayName="nvmctrl" projectFiles="true">
              <itemPath>../src/config/default/peripheral/nvmctrl/plib_nvmctrl.c</itemPath>
            </logicalFolder>
            <logicalFolder name="port" displayName="port" projectFiles="true">
              <itemPath>../src/config/default/peripheral/port/plib_port.c</itemPath>
            </logicalFolder>
            <logicalFolder name="sercom" displayName="sercom" projectFiles="true">
              <logicalFolder name="i2c_master" displayName="i2c_master" projectFiles="true">
                <itemPath>../src/config/default/peripheral/sercom/i2c_master/plib_sercom2_i2c_master.c</itemPath>
                <itemPath>../src/config/default/peripheral/sercom/i2c_master/plib_sercom0_i2c_master.c</itemPath>
              </logicalFolder>
              <logicalFolder name="spi_master" displayName="spi_master" projectFiles="true">
                <itemPath>../src/config/default/peripheral/sercom/spi_master/plib_sercom1_spi_master.c</itemPath>
              </logicalFolder>
              <logicalFolder name="usart" displayName="usart" projectFiles="true">
                <itemPath>../src/config/default/peripheral/sercom/usart/plib_sercom4_usart.c</itemPath>
              </logicalFolder>
            </logicalFolder>
            <logicalFolder name="systick" displayName="systick" projectFiles="true">
              <itemPath>../src/config/default/peripheral/systick/plib_systick.c</itemPath>
            </logicalFolder>
            <logicalFolder name="tc" displayName="tc" projectFiles="true">
              <itemPath>../src/config/default/peripheral/tc/plib_tc0.c</itemPath>
              <itemPath>../src/config/default/peripheral/tc/plib_tc3.c</itemPath>
              <itemPath>../src/config/default/peripheral/tc/plib_tc6.c</itemPath>
              <itemPath>../src/config/default/peripheral/tc/plib_tc7.c</itemPath>
            </logicalFolder>
          </logicalFolder>
          <logicalFolder name="stdio" displayName="stdio" projectFiles="true">
            <itemPath>../src/config/default/stdio/xc32_monitor.c</itemPath>
          </logicalFolder>
          <logicalFolder name="system" displayName="system" projectFiles="true">
            <logicalFolder name="cache" displayName="cache" projectFiles="true">
              <itemPath>../src/config/default/system/cache/sys_cache.c</itemPath>
            </logicalFolder>
            <logicalFolder name="dma" displayName="dma" projectFiles="true">
              <itemPath>../src/config/default/system/dma/sys_dma.c</itemPath>
            </logicalFolder>
            <logicalFolder name="int" displayName="int" projectFiles="true">
              <itemPath>../src/config/default/system/int/src/sys_int.c</itemPath>
            </logicalFolder>
          </logicalFolder>
          <itemPath>../src/config/default/tasks.c</itemPath>
          <itemPath>../src/config/default/interrupts.c</itemPath>
          <itemPath>../src/config/default/libc_syscalls.c</itemPath>
          <itemPath>../src/config/default/startup_xc32.c</itemPath>
          <itemPath>../src/config/default/initialization.c</itemPath>
          <itemPath>../src/config/default/exceptions.c</itemPath>
        </logicalFolder>
      </logicalFolder>
      <itemPath>../src/app.c</itemPath>
      <itemPath>../src/config/default/pin_configurations.csv</itemPath>
      <itemPath>../src/main.c</itemPath>
      <itemPath>../src/OLED128x64.c</itemPath>
      <itemPath>../src/spi_async_driver.c</itemPath>
      <itemPath>../src/tc6-lwip.c</itemPath>
      <itemPath>../src/tc6-stub.c</itemPath>
      <itemPath>../src/udp_handler.c</itemPath>
    </logicalFolder>
  </logicalFolder>
  <sourceRootList>
    <Elem>../src</Elem>
  </sourceRootList>
  <projectmakefile>Makefile</projectmakefile>
  <confs>
    <conf name="default" type="2">
      <toolsSet>
        <developmentServer>localhost</developmentServer>
        <targetDevice>ATSAME54P20A</targetDevice>
        <targetHeader></targetHeader>
        <targetPluginBoard></targetPluginBoard>
        <platformTool>snap</platformTool>
        <languageToolchain>XC32</languageToolchain>
        <languageToolchainVersion>4.35</languageToolchainVersion>
        <platform>3</platform>
      </toolsSet>
      <packs>
        <pack name="SAME54_DFP" vendor="Microchip" version="3.9.244"/>
      </packs>
      <ScriptingSettings>
      </ScriptingSettings>
      <compileType>
        <linkerTool>
          <linkerLibItems>
            <linkerLibProjectItem>
              <makeArtifact PL="liblwip.X"
                            CT="3"
                            CN="default"
                            AC="true"
                            BL="true"
                            WD="liblwip.X"
                            BC="${MAKE}  -f Makefile CONF=default"
                            DBC="${MAKE}  -f Makefile CONF=default TYPE_IMAGE=DEBUG_RUN"
                            CC="rm -rf &quot;build/default&quot; &quot;dist/default&quot;"
                            OP="dist/default/production/liblwip.X.a"
                            DOP="dist/default/debug/liblwip.X.a"
                            FL="dist/default/production/liblwip.X.a"
                            PD="dist/default/production/liblwip.X."
                            DD="dist/default/debug/liblwip.X.">
              </makeArtifact>
            </linkerLibProjectItem>
            <linkerLibProjectItem>
              <makeArtifact PL="libtc6.X"
                            CT="3"
                            CN="default"
                            AC="true"
                            BL="true"
                            WD="libtc6.X"
                            BC="${MAKE}  -f Makefile CONF=default"
                            DBC="${MAKE}  -f Makefile CONF=default TYPE_IMAGE=DEBUG_RUN"
                            CC="rm -rf &quot;build/default&quot; &quot;dist/default&quot;"
                            OP="dist/default/production/libtc6.X.a"
                            DOP="dist/default/debug/libtc6.X.a"
                            FL="dist/default/production/libtc6.X.a"
                            PD="dist/default/production/libtc6.X."
                            DD="dist/default/debug/libtc6.X.">
              </makeArtifact>
            </linkerLibProjectItem>
          </linkerLibItems>
        </linkerTool>
        <archiverTool>
        </archiverTool>
        <loading>
          <useAlternateLoadableFile>false</useAlternateLoadableFile>
          <parseOnProdLoad>false</parseOnProdLoad>
          <alternateLoadableFile></alternateLoadableFile>
        </loading>
        <subordinates>
        </subordinates>
      </compileType>
      <makeCustomizationType>
        <makeCustomizationPreStepEnabled>false</makeCustomizationPreStepEnabled>
        <makeUseCleanTarget>false</makeUseCleanTarget>
        <makeCustomizationPreStep></makeCustomizationPreStep>
        <makeCustomizationPostStepEnabled>false</makeCustomizationPostStepEnabled>
        <makeCustomizationPostStep></makeCustomizationPostStep>
        <makeCustomizationPutChecksumInUserID>false</makeCustomizationPutChecksumInUserID>
        <makeCustomizationEnableLongLines>false</makeCustomizationEnableLongLines>
        <makeCustomizationNormalizeHexFile>false</makeCustomizationNormalizeHexFile>
      </makeCustomizationType>
      <C32>
        <property key="additional-warnings" value="true"/>
        <property key="addresss-attribute-use" value="false"/>
        <property key="enable-app-io" value="false"/>
        <property key="enable-omit-frame-pointer" value="false"/>
        <property key="enable-symbols" value="true"/>
        <property key="enable-unroll-loops" value="false"/>
        <property key="exclude-floating-point" value="false"/>
        <property key="extra-include-directories"
                  value="../src;../src/config/default;../src/packs/ATSAME54P20A_DFP;../src/packs/CMSIS/;../src/packs/CMSIS/CMSIS/Core/Include;liblwip.X\src\config;liblwip.X\src\port\include;liblwip.X\src\src\include;liblwip.X\src\src\include\ipv4;libtc6.X\cfg;libtc6.X\inc"/>
        <property key="generate-16-bit-code" value="false"/>
        <property key="generate-micro-compressed-code" value="false"/>
        <property key="isolate-each-function" value="true"/>
        <property key="make-warnings-into-errors" value="true"/>
        <property key="optimization-level" value="-O1"/>
        <property key="place-data-into-section" value="true"/>
        <property key="post-instruction-scheduling" value="default"/>
        <property key="pre-instruction-scheduling" value="default"/>
        <property key="preprocessor-macros" value=""/>
        <property key="strict-ansi" value="false"/>
        <property key="support-ansi" value="false"/>
        <property key="tentative-definitions" value="-fno-common"/>
        <property key="toplevel-reordering" value=""/>
        <property key="unaligned-access" value=""/>
        <property key="use-cci" value="false"/>
        <property key="use-iar" value="false"/>
        <property key="use-indirect-calls" value="false"/>
      </C32>
      <C32-AR>
        <property key="additional-options-chop-files" value="false"/>
      </C32-AR>
      <C32-AS>
        <property key="assembler-symbols" value=""/>
        <property key="enable-symbols" value="true"/>
        <property key="exclude-floating-point-library" value="false"/>
        <property key="expand-macros" value="false"/>
        <property key="extra-include-directories-for-assembler" value=""/>
        <property key="extra-include-directories-for-preprocessor" value=""/>
        <property key="false-conditionals" value="false"/>
        <property key="generate-16-bit-code" value="false"/>
        <property key="generate-micro-compressed-code" value="false"/>
        <property key="keep-locals" value="false"/>
        <property key="list-assembly" value="false"/>
        <property key="list-source" value="false"/>
        <property key="list-symbols" value="false"/>
        <property key="oXC32asm-list-to-file" value="false"/>
        <property key="omit-debug-dirs" value="false"/>
        <property key="omit-forms" value="false"/>
        <property key="preprocessor-macros" value=""/>
        <property key="warning-level" value=""/>
      </C32-AS>
      <C32-CO>
        <property key="coverage-enable" value=""/>
        <property key="stack-guidance" value="false"/>
      </C32-CO>
      <C32-LD>
        <property key="additional-options-use-response-files" value="false"/>
        <property key="additional-options-write-sla" value="false"/>
        <property key="allocate-dinit" value="false"/>
        <property key="code-dinit" value="false"/>
        <property key="ebase-addr" value=""/>
        <property key="enable-check-sections" value="false"/>
        <property key="exclude-floating-point-library" value="false"/>
        <property key="exclude-standard-libraries" value="false"/>
        <property key="extra-lib-directories" value=""/>
        <property key="fill-flash-options-addr" value=""/>
        <property key="fill-flash-options-const" value=""/>
        <property key="fill-flash-options-how" value="0"/>
        <property key="fill-flash-options-inc-const" value="1"/>
        <property key="fill-flash-options-increment" value=""/>
        <property key="fill-flash-options-seq" value=""/>
        <property key="fill-flash-options-what" value="0"/>
        <property key="generate-16-bit-code" value="false"/>
        <property key="generate-cross-reference-file" value="false"/>
        <property key="generate-micro-compressed-code" value="false"/>
        <property key="heap-size" value="4096"/>
        <property key="input-libraries" value=""/>
        <property key="kseg-length" value=""/>
        <property key="kseg-origin" value=""/>
        <property key="linker-symbols" value=""/>
        <property key="map-file" value="${DISTDIR}/${PROJECTNAME}.${IMAGE_TYPE}.map"/>
        <property key="no-device-startup-code" value="true"/>
        <property key="no-startup-files" value="false"/>
        <property key="oXC32ld-extra-opts" value=""/>
        <property key="optimization-level" value=""/>
        <property key="preprocessor-macros" value=""/>
        <property key="remove-unused-sections" value="true"/>
        <property key="report-memory-usage" value="false"/>
        <property key="serial-length" value=""/>
        <property key="serial-origin" value=""/>
        <property key="stack-size" value=""/>
        <property key="symbol-stripping" value=""/>
        <property key="trace-symbols" value=""/>
        <property key="warn-section-align" value="false"/>
      </C32-LD>
      <C32CPP>
        <property key="additional-warnings" value="false"/>
        <property key="addresss-attribute-use" value="false"/>
        <property key="check-new" value="false"/>
        <property key="eh-specs" value="true"/>
        <property key="enable-app-io" value="false"/>
        <property key="enable-omit-frame-pointer" value="false"/>
        <property key="enable-symbols" value="true"/>
        <property key="enable-unroll-loops" value="false"/>
        <property key="exceptions" value="true"/>
        <property key="exclude-floating-point" value="false"/>
        <property key="extra-include-directories"
                  value="../src;../src/config/default;../src/packs/ATSAME54P20A_DFP;../src/packs/CMSIS/;../src/packs/CMSIS/CMSIS/Core/Include"/>
        <property key="generate-16-bit-code" value="false"/>
        <property key="generate-micro-compressed-code" value="false"/>
        <property key="isolate-each-function" value="true"/>
        <property key="make-warnings-into-errors" value="false"/>
        <property key="optimization-level" value="-O1"/>
        <property key="place-data-into-section" value="false"/>
        <property key="post-instruction-scheduling" value="default"/>
        <property key="pre-instruction-scheduling" value="default"/>
        <property key="preprocessor-macros" value=""/>
        <property key="rtti" value="true"/>
        <property key="strict-ansi" value="false"/>
        <property key="toplevel-reordering" value=""/>
        <property key="unaligned-access" value=""/>
        <property key="use-cci" value="false"/>
        <property key="use-iar" value="false"/>
        <property key="use-indirect-calls" value="false"/>
      </C32CPP>
      <C32Global>
        <property key="common-include-directories" value=""/>
        <property key="gp-relative-option" value=""/>
        <property key="legacy-libc" value="false"/>
        <property key="mdtcm" value=""/>
        <property key="mitcm" value=""/>
        <property key="mstacktcm" value="false"/>
        <property key="omit-pack-options" value="1"/>
        <property key="relaxed-math" value="false"/>
        <property key="save-temps" value="false"/>
        <property key="stack-smashing" value=""/>
        <property key="wpo-lto" value="false"/>
      </C32Global>
      <PK5Tool>
        <property key="AutoSelectMemRanges" value="auto"/>
        <property key="SecureSegment.SegmentProgramming" value="FullChipProgramming"/>
        <property key="ToolFirmwareFilePath"
                  value="Press to browse for a specific firmware version"/>
        <property key="ToolFirmwareOption.UpdateOptions"
                  value="ToolFirmwareOption.UseLatest"/>
        <property key="ToolFirmwareToolPack"
                  value="Press to select which tool pack to use"/>
        <property key="communication.activationmode" value="nohv"/>
        <property key="communication.interface" value="swd"/>
        <property key="communication.interface.jtag" value="2wire"/>
        <property key="communication.speed" value="2.000"/>
        <property key="debugoptions.debug-startup" value="Use system settings"/>
        <property key="debugoptions.reset-behaviour" value="Use system settings"/>
        <property key="debugoptions.useswbreakpoints" value="false"/>
        <property key="event.recorder.debugger.behavior" value="Running"/>
        <property key="event.recorder.enabled" value="false"/>
        <property key="event.recorder.scvd.files" value=""/>
        <property key="hwtoolclock.frcindebug" value="false"/>
        <property key="lastid" value=""/>
        <property key="memories.aux" value="false"/>
        <property key="memories.bootflash" value="true"/>
        <property key="memories.configurationmemory" value="true"/>
        <property key="memories.configurationmemory2" value="true"/>
        <property key="memories.dataflash" value="true"/>
        <property key="memories.eeprom" value="true"/>
        <property key="memories.exclude.configurationmemory" value="true"/>
        <property key="memories.flashdata" value="true"/>
        <property key="memories.id" value="true"/>
        <property key="memories.instruction.ram.ranges"
                  value="${memories.instruction.ram.ranges}"/>
        <property key="memories.programmemory" value="true"/>
        <property key="memories.programmemory.ranges" value="0-fffff"/>
        <property key="poweroptions.powerenable" value="false"/>
        <property key="programmerToGoImageName" value="MASTERs_ATSAME54_FactoryFW_ptg"/>
        <property key="programoptions.donoteraseauxmem" value="false"/>
        <property key="programoptions.eraseb4program" value="true"/>
        <property key="programoptions.ledbrightness" value="5"/>
        <property key="programoptions.pgcconfig" value="pull down"/>
        <property key="programoptions.pgcresistor.value" value="4.7"/>
        <property key="programoptions.pgdconfig" value="pull down"/>
        <property key="programoptions.pgdresistor.value" value="4.7"/>
        <property key="programoptions.pgmentry.voltage" value="low"/>
        <property key="programoptions.pgmspeed" value="Med"/>
        <property key="programoptions.preservedataflash" value="false"/>
        <property key="programoptions.preserveeeprom" value="false"/>
        <property key="programoptions.preserveeeprom.ranges" value=""/>
        <property key="programoptions.preserveprogram.ranges" value=""/>
        <property key="programoptions.preserveprogramrange" value="false"/>
        <property key="programoptions.preserveuserid" value="false"/>
        <property key="programoptions.program.otpconfig" value="false"/>
        <property key="programoptions.programcalmem" value="false"/>
        <property key="programoptions.programuserotp" value="false"/>
        <property key="programoptions.smart.program" value="When debugging only"/>
        <property key="programoptions.testmodeentrymethod" value="VDDFirst"/>
        <property key="ptgProgramImage" value="true"/>
        <property key="ptgSendImage" value="true"/>
        <property key="toolpack.updateoptions"
                  value="toolpack.updateoptions.uselatestoolpack"/>
        <property key="toolpack.updateoptions.packversion"
                  value="Press to select which tool pack to use"/>
        <property key="voltagevalue" value="3.25"/>
        <property key="x.erase.clearprot" value="true"/>
      </PK5Tool>
      <Tool>
        <property key="AutoSelectMemRanges" value="auto"/>
        <property key="SecureSegment.SegmentProgramming" value="FullChipProgramming"/>
        <property key="ToolFirmwareFilePath"
                  value="Press to browse for a specific firmware version"/>
        <property key="ToolFirmwareOption.UpdateOptions"
                  value="ToolFirmwareOption.UseLatest"/>
        <property key="ToolFirmwareToolPack"
                  value="Press to select which tool pack to use"/>
        <property key="communication.activationmode" value="nohv"/>
        <property key="communication.interface" value="swd"/>
        <property key="communication.interface.jtag" value="2wire"/>
        <property key="communication.speed" value="2.000"/>
        <property key="debugoptions.debug-startup" value="Use system settings"/>
        <property key="debugoptions.reset-behaviour" value="Use system settings"/>
        <property key="debugoptions.simultaneous.debug" value="false"/>
        <property key="debugoptions.useswbreakpoints" value="false"/>
        <property key="event.recorder.debugger.behavior" value="Running"/>
        <property key="event.recorder.enabled" value="false"/>
        <property key="event.recorder.scvd.files" value=""/>
        <property key="freeze.timers" value="false"/>
        <property key="hwtoolclock.frcindebug" value="false"/>
        <property key="lastid" value=""/>
        <property key="memories.aux" value="false"/>
        <property key="memories.bootflash" value="true"/>
        <property key="memories.configurationmemory" value="true"/>
        <property key="memories.configurationmemory2" value="true"/>
        <property key="memories.dataflash" value="true"/>
        <property key="memories.eeprom" value="true"/>
        <property key="memories.exclude.configurationmemory" value="true"/>
        <property key="memories.flashdata" value="true"/>
        <property key="memories.id" value="true"/>
        <property key="memories.instruction.ram.ranges"
                  value="${memories.instruction.ram.ranges}"/>
        <property key="memories.programmemory" value="true"/>
        <property key="memories.programmemory.ranges" value="0-fffff"/>
        <property key="poweroptions.powerenable" value="false"/>
        <property key="programmerToGoImageName" value="MASTERs_ATSAME54_FactoryFW_ptg"/>
        <property key="programoptions.donoteraseauxmem" value="false"/>
        <property key="programoptions.eraseb4program" value="true"/>
        <property key="programoptions.ledbrightness" value="5"/>
        <property key="programoptions.pgcconfig" value="pull down"/>
        <property key="programoptions.pgcresistor.value" value="4.7"/>
        <property key="programoptions.pgdconfig" value="pull down"/>
        <property key="programoptions.pgdresistor.value" value="4.7"/>
        <property key="programoptions.pgmentry.voltage" value="low"/>
        <property key="programoptions.pgmspeed" value="Med"/>
        <property key="programoptions.preservedataflash" value="false"/>
        <property key="programoptions.preservedataflash.ranges"
                  value="${memories.dataflash.default}"/>
        <property key="programoptions.preserveeeprom" value="false"/>
        <property key="programoptions.preserveeeprom.ranges" value=""/>
        <property key="programoptions.preserveprogram.ranges" value=""/>
        <property key="programoptions.preserveprogramrange" value="false"/>
        <property key="programoptions.preserveuserid" value="false"/>
        <property key="programoptions.program.otpconfig" value="false"/>
        <property key="programoptions.programcalmem" value="false"/>
        <property key="programoptions.programuserotp" value="false"/>
        <property key="programoptions.smart.program" value="When debugging only"/>
        <property key="programoptions.testmodeentrymethod" value="VDDFirst"/>
        <property key="ptgProgramImage" value="true"/>
        <property key="ptgSendImage" value="true"/>
        <property key="toolpack.updateoptions"
                  value="toolpack.updateoptions.uselatestoolpack"/>
        <property key="toolpack.updateoptions.packversion"
                  value="Press to select which tool pack to use"/>
        <property key="voltagevalue" value="3.25"/>
        <property key="x.erase.clearprot" value="true"/>
      </Tool>
      <pk4hybrid>
        <property key="AutoSelectMemRanges" value="auto"/>
        <property key="SecureSegment.SegmentProgramming" value="FullChipProgramming"/>
        <property key="ToolFirmwareFilePath"
                  value="Press to browse for a specific firmware version"/>
        <property key="ToolFirmwareOption.UpdateOptions"
                  value="ToolFirmwareOption.UseLatest"/>
        <property key="ToolFirmwareToolPack"
                  value="Press to select which tool pack to use"/>
        <property key="communication.activationmode" value="nohv"/>
        <property key="communication.interface" value="swd"/>
        <property key="communication.interface.jtag" value="2wire"/>
        <property key="communication.speed" value="2.000"/>
        <property key="debugoptions.debug-startup" value="Use system settings"/>
        <property key="debugoptions.reset-behaviour" value="Use system settings"/>
        <property key="debugoptions.simultaneous.debug" value="false"/>
        <property key="debugoptions.useswbreakpoints" value="false"/>
        <property key="event.recorder.debugger.behavior" value="Running"/>
        <property key="event.recorder.enabled" value="false"/>
        <property key="event.recorder.scvd.files" value=""/>
        <property key="freeze.timers" value="false"/>
        <property key="lastid" value=""/>
        <property key="memories.aux" value="false"/>
        <property key="memories.bootflash" value="true"/>
        <property key="memories.configurationmemory" value="true"/>
        <property key="memories.configurationmemory2" value="true"/>
        <property key="memories.dataflash" value="true"/>
        <property key="memories.eeprom" value="true"/>
        <property key="memories.exclude.configurationmemory" value="true"/>
        <property key="memories.flashdata" value="true"/>
        <property key="memories.id" value="true"/>
        <property key="memories.instruction.ram.ranges"
                  value="${memories.instruction.ram.ranges}"/>
        <property key="memories.programmemory" value="true"/>
        <property key="memories.programmemory.ranges" value="0-fffff"/>
        <property key="poweroptions.powerenable" value="false"/>
        <property key="programmerToGoImageName" value="MASTERs_ATSAME54_FactoryFW_ptg"/>
        <property key="programoptions.donoteraseauxmem" value="false"/>
        <property key="programoptions.eraseb4program" value="true"/>
        <property key="programoptions.ledbrightness" value="5"/>
        <property key="programoptions.pgcconfig" value="pull down"/>
        <property key="programoptions.pgcresistor.value" value="4.7"/>
        <property key="programoptions.pgdconfig" value="pull down"/>
        <property key="programoptions.pgdresistor.value" value="4.7"/>
        <property key="programoptions.pgmentry.voltage" value="low"/>
        <property key="programoptions.pgmspeed" value="Med"/>
        <property key="programoptions.preservedataflash" value="false"/>
        <property key="programoptions.preservedataflash.ranges"
                  value="${memories.dataflash.default}"/>
        <property key="programoptions.preserveeeprom" value="false"/>
        <property key="programoptions.preserveeeprom.ranges" value=""/>
        <property key="programoptions.preserveprogram.ranges" value=""/>
        <property key="programoptions.preserveprogramrange" value="false"/>
        <property key="programoptions.preserveuserid" value="false"/>
        <property key="programoptions.program.otpconfig" value="false"/>
        <property key="programoptions.programcalmem" value="false"/>
        <property key="programoptions.programuserotp" value="false"/>
        <property key="programoptions.smart.program" value="When debugging only"/>
        <property key="programoptions.testmodeentrymethod" value="VDDFirst"/>
        <property key="ptgProgramImage" value="true"/>
        <property key="ptgSendImage" value="true"/>
        <property key="toolpack.updateoptions"
                  value="toolpack.updateoptions.uselatestoolpack"/>
        <property key="toolpack.updateoptions.packversion" value="2.3.327"/>
        <property key="voltagevalue" value="3.25"/>
        <property key="x.erase.clearprot" value="true"/>
      </pk4hybrid>
    </conf>
  </confs>
</configurationDescriptor>
